BANK,Year,Ownership,Gross NPA (%),Net NPA (%),Provision Coverage Ratio (%),CAR(%),Tier 1 Capital,Net Profit (cr)
SBI,2005-2006,PSB,3.61,1.88,47.92,11.88,9.36,4407.0
SBI,2006-2007,PSB,2.92,1.56,46.58,12.34,8.01,4541.0
SBI,2007-2008,PSB,3.04,1.78,41.45,12.64,8.48,6729.0
SBI,2008-2009,PSB,2.86,1.79,37.41,14.17,9.03,9121.0
SBI,2009-2010,PSB,3.05,1.72,43.61,13.49,9.28,9166.0
SBI,2010-2011,PSB,3.28,1.63,50.3,11.98,7.77,8265.0
SBI,2011-2012,PSB,4.44,1.82,63.74,13.86,9.79,11707.0
SBI,2012-2013,PSB,5.3,2.1,60.38,12.92,9.49,14105.0
SBI,2013-2014,PSB,4.95,2.57,48.08,12.44,9.72,10891.0
SBI,2014-2015,PSB,4.25,2.12,69.13,12.0,9.6,13102.0
SBI,2015-2016,PSB,6.5,3.81,60.69,13.12,9.92,9951.0
SBI,2016-2017,PSB,6.9,3.71,65.95,13.11,10.35,10484.0
SBI,2017-2018,PSB,10.91,5.73,66.17,12.6,10.36,-6547.0
SBI,2018-2019,PSB,7.53,3.01,78.73,12.72,10.65,862.0
SBI,2019-2020,PSB,6.15,2.23,83.62,13.06,11.02,14488.0
SBI,2020-2021,PSB,4.98,1.5,87.75,13.74,11.44,20410.0
SBI,2021-2022,PSB,3.97,1.02,75.0,13.83,11.42,31676.0
SBI,2022-2023,PSB,2.78,0.67,76.4,14.68,12.06,50232.0
SBI,2023-2024,PSB,2.24,0.57,75.02,14.28,11.93,61077.0
SBI,2024-2025,PSB,1.82,0.47,74.18,14.25,12.3,70901.0
ICICI,2005-2006,Private,2.29,0.72,69.1,13.35,9.2,2540.0
ICICI,2006-2007,Private,2.02,1.02,50.1,11.69,7.4,3110.0
ICICI,2007-2008,Private,3.3,1.55,53.9,13.97,10.3,4158.0
ICICI,2008-2009,Private,4.32,1.96,55.8,15.53,11.1,3758.0
ICICI,2009-2010,Private,5.06,1.87,64.7,19.41,13.9,4025.0
ICICI,2010-2011,Private,4.47,0.94,76.0,19.54,13.17,5151.0
ICICI,2011-2012,Private,3.62,0.73,80.4,18.52,12.68,6465.0
ICICI,2012-2013,Private,3.22,0.77,76.8,18.74,12.8,8325.0
ICICI,2013-2014,Private,3.03,0.97,68.6,17.7,12.78,9810.0
ICICI,2014-2015,Private,3.78,1.61,58.6,17.02,12.78,11175.0
ICICI,2015-2016,Private,5.82,2.98,50.6,16.64,13.09,9726.0
ICICI,2016-2017,Private,8.74,5.43,40.2,17.39,14.36,9801.0
ICICI,2017-2018,Private,9.9,5.43,47.7,18.42,15.92,6777.0
ICICI,2018-2019,Private,7.38,2.29,70.6,16.89,15.09,3363.0
ICICI,2019-2020,Private,6.04,1.54,75.7,16.11,14.72,7931.0
ICICI,2020-2021,Private,5.34,1.24,77.7,19.12,18.06,16193.0
ICICI,2021-2022,Private,3.76,0.81,79.2,19.16,18.35,23339.0
ICICI,2022-2023,Private,2.81,0.48,82.8,18.34,17.6,31896.0
ICICI,2023-2024,Private,2.16,0.42,80.3,16.33,15.6,40888.0
ICICI,2024-2025,Private,1.67,0.39,76.2,16.55,15.94,47227.0
PNB,2005-2006,2005-2006,4.01,0.28,93.3,11.55,8.35,1439.0
PNB,2006-2007,2006-2007,3.44,0.76,78.7,12.33,8.3,1540.0
PNB,2007-2008,2007-2008,2.76,0.64,77.4,13.51,8.92,2049.0
PNB,2008-2009,2008-2009,1.6,0.17,89.6,14.03,10.05,3091.0
PNB,2009-2010,2009-2010,1.71,0.53,69.8,14.16,10.03,3905.0
PNB,2010-2011,2010-2011,1.79,0.85,53.0,12.42,8.44,4433.0
PNB,2011-2012,2011-2012,2.93,1.52,49.3,12.73,9.28,4884.0
PNB,2012-2013,2012-2013,4.27,2.35,46.5,12.72,9.28,4748.0
PNB,2013-2014,2013-2014,5.25,2.85,47.4,12.11,9.0,3343.0
PNB,2014-2015,2014-2015,6.55,4.06,40.0,12.89,9.68,3062.0
PNB,2015-2016,2015-2016,12.9,8.61,51.0,11.28,8.67,-3974.0
PNB,2016-2017,2016-2017,12.53,7.81,55.9,11.66,9.17,1325.0
PNB,2017-2018,2017-2018,18.38,11.24,58.4,9.2,7.21,-12283.0
PNB,2018-2019,2018-2019,15.5,6.56,74.5,9.73,7.49,-9975.0
PNB,2019-2020,2019-2020,14.21,5.78,77.8,14.14,11.9,363.0
PNB,2020-2021,2020-2021,14.12,5.73,80.14,14.32,11.5,2022.0
PNB,2021-2022,2021-2022,11.78,4.8,81.6,14.5,11.73,3457.0
PNB,2022-2023,2022-2023,8.74,2.72,86.9,15.5,12.69,2507.0
PNB,2023-2024,2023-2024,5.73,0.73,95.39,15.97,13.08,9107.0
PNB,2024-2025,2024-2025,3.95,0.4,96.82,17.01,14.05,10757.0
Indian Bank,2005-06,PSB,3.2,0.44,86.8,14.15,13.06,504.0
Indian Bank,2006-07,PSB,2.14,0.31,85.9,14.14,12.82,760.0
Indian Bank,2007-08,PSB,1.48,0.24,84.1,14.22,12.98,1009.0
Indian Bank,2008-09,PSB,0.9,0.18,80.4,14.03,11.23,1245.0
Indian Bank,2009-10,PSB,0.85,0.23,73.1,12.71,11.05,1555.0
Indian Bank,2010-11,PSB,0.98,0.53,46.2,13.56,11.02,1714.0
Indian Bank,2011-12,PSB,2.03,1.33,35.1,13.47,10.98,1747.0
Indian Bank,2012-13,PSB,3.33,2.26,32.9,13.08,10.59,1581.0
Indian Bank,2013-14,PSB,3.67,2.26,39.4,12.64,10.18,1159.0
Indian Bank,2014-15,PSB,4.4,2.5,44.5,12.86,10.46,1002.0
Indian Bank,2015-16,PSB,6.66,4.2,49.3,12.9,10.87,711.0
Indian Bank,2016-17,PSB,7.47,4.39,52.5,13.62,11.75,1406.0
Indian Bank,2017-18,PSB,7.37,3.81,63.9,12.55,11.01,1259.0
Indian Bank,2018-19,PSB,7.11,3.75,66.0,13.21,10.92,322.0
Indian Bank ,2019-20*,PSB,11.39,3.19,73.9,14.12,10.67,753.0
Indian Bank,2020-21,PSB,9.85,3.37,82.1,15.71,11.95,3005.0
Indian Bank,2021-22,PSB,8.47,2.27,87.4,16.53,13.17,3945.0
Indian Bank,2022-23,PSB,5.95,0.9,94.0,16.49,13.22,5282.0
Indian Bank,2023-24,PSB,3.95,0.43,96.6,16.44,14.13,8063.0
Indian Bank,2024-25,PSB,3.09,0.19,98.2,17.94,15.36,10995.0
City union Bank,2005-06,Private,3.52,1.1,69.5,11.2,10.6,50.0
City union Bank,2006-07,Private,2.51,0.44,82.8,11.45,10.88,64.0
City union Bank,2007-08,Private,1.84,0.48,74.5,13.52,12.95,101.0
City union Bank,2008-09,Private,1.89,0.81,58.0,13.06,12.42,122.0
City union Bank,2009-10,Private,1.54,0.49,69.1,12.96,12.35,153.0
City union Bank,2010-11,Private,1.25,0.5,60.3,12.48,11.95,215.0
City union Bank,2011-12,Private,1.21,0.44,64.1,12.58,12.08,280.0
City union Bank,2012-13,Private,1.13,0.63,45.0,13.98,13.51,322.0
City union Bank,2013-14,Private,1.81,1.23,33.0,15.01,14.61,347.0
City union Bank,2014-15,Private,1.86,1.3,31.0,16.52,16.14,395.0
City union Bank,2015-16,Private,2.52,1.53,40.0,15.58,15.1,442.0
City union Bank,2016-17,Private,2.83,1.71,40.0,15.53,14.88,503.0
City union Bank,2017-18,Private,3.03,1.7,44.0,16.22,15.79,592.0
City union Bank,2018-19,Private,2.95,1.81,39.0,15.55,15.03,683.0
City union Bank,2019-20,Private,3.91,2.29,42.0,16.76,15.8,476.0
City union Bank,2020-21,Private,5.11,2.97,43.0,19.52,18.45,593.0
City union Bank,2021-22,Private,4.7,2.95,38.0,20.85,19.78,760.0
City union Bank,2022-23,Private,4.37,2.36,47.0,22.34,21.27,937.0
City union Bank,2023-24,Private,3.99,1.97,51.0,23.73,22.69,1016.0
City union Bank,2024-25,Private,3.09,1.25,60.0,23.75,22.7,1124.0
HDFC,2005-2006,Private,1.4,0.44,68.6,11.41,9.0,871.0
HDFC,2006-2007,Private,1.3,0.43,66.9,13.08,8.6,1141.0
HDFC,2007-2008,Private,1.3,0.47,63.8,13.6,10.3,1590.0
HDFC,2008-2009,Private,1.98,0.63,68.2,15.09,10.58,2245.0
HDFC,2009-2010,Private,1.43,0.31,78.4,17.44,13.3,3003.0
HDFC,2010-2011,Private,1.05,0.19,82.5,16.22,12.2,3926.0
HDFC,2011-2012,Private,1.02,0.18,82.4,16.52,11.6,5167.0
HDFC,2012-2013,Private,0.97,0.2,79.7,16.8,11.1,6726.0
HDFC,2013-2014,Private,0.98,0.27,73.0,16.07,11.8,8478.0
HDFC,2014-2015,Private,0.93,0.25,73.6,16.79,13.7,10216.0
HDFC,2015-2016,Private,0.94,0.28,70.0,15.53,13.2,12296.0
HDFC,2016-2017,Private,1.05,0.33,69.0,14.55,12.8,14550.0
HDFC,2017-2018,Private,1.3,0.4,69.8,14.82,13.25,17487.0
HDFC,2018-2019,Private,1.36,0.39,71.4,17.11,15.8,21078.0
HDFC,2019-2020,Private,1.26,0.36,72.0,18.52,17.2,26257.0
HDFC,2020-2021,Private,1.32,0.4,70.0,18.79,17.6,31116.0
HDFC,2021-2022,Private,1.17,0.32,73.0,18.9,17.9,36961.0
HDFC,2022-2023,Private,1.12,0.27,76.0,19.26,17.1,44109.0
HDFC,2023-2024,Private,1.24,0.33,74.0,18.8,16.8,60812.0
HDFC,2024-2025,Private,1.33,0.43,68.0,19.6,17.5,73440.0
BoB,2005-2006,PSB,3.9,0.87,78.41,13.65,9.04,827.0
BoB,2006-2007,PSB,2.47,0.6,76.04,11.8,8.31,1026.0
BoB,2007-2008,PSB,1.84,0.47,75.31,12.92,8.52,1436.0
BoB,2008-2009,PSB,1.27,0.31,75.83,14.05,9.38,2227.0
BoB,2009-2010,PSB,1.36,0.34,75.14,14.36,9.48,3058.0
BoB,2010-2011,PSB,1.36,0.35,74.9,14.52,9.97,4242.0
BoB,2011-2012,PSB,1.53,0.54,65.5,14.67,10.84,5007.0
BoB,2012-2013,PSB,2.4,1.28,68.2,13.3,10.13,4481.0
BoB,2013-2014,PSB,3.11,1.52,68.9,12.28,9.28,4541.0
BoB,2014-2015,PSB,3.72,1.89,64.6,12.6,9.87,3398.0
BoB,2015-2016,PSB,9.99,5.06,60.1,13.17,10.79,-5396.0
BoB,2016-2017,PSB,10.46,4.72,66.83,12.24,9.93,1383.0
BoB,2017-2018,PSB,12.26,5.49,67.21,12.13,10.46,-2432.0
BoB,2018-2019,PSB,9.63,3.33,78.68,13.42,11.55,433.0
BoB,2019-2020,PSB,9.4,3.13,81.33,13.3,10.71,546.0
BoB,2020-2021,PSB,8.87,3.09,81.8,14.99,12.67,829.0
BoB,2021-2022,PSB,6.61,1.72,88.71,15.98,13.49,7272.0
BoB,2022-2023,PSB,3.79,0.89,92.43,16.24,13.99,14110.0
BoB,2023-2024,PSB,2.92,0.68,93.3,16.31,14.05,17788.0
BoB,2024-2025,PSB,2.26,0.58,94.1,17.19,14.79,19581.0
Axis Bank,2005-06,Private,1.68,1.05,45.4,11.08,8.87,485.0
Axis Bank,2006-07,Private,1.1,0.61,54.4,11.53,7.91,659.0
Axis Bank,2007-08,Private,0.83,0.42,58.7,13.73,10.74,1071.0
Axis Bank,2008-09,Private,0.96,0.35,71.0,13.69,9.27,1815.0
Axis Bank,2009-10,Private,1.13,0.36,76.5,15.8,11.18,2515.0
Axis Bank,2010-11,Private,1.01,0.26,80.8,12.65,9.41,3388.0
Axis Bank,2011-12,Private,0.94,0.25,81.0,13.66,9.45,4242.0
Axis Bank,2012-13,Private,1.06,0.32,79.0,17.0,12.23,5179.0
Axis Bank,2013-14,Private,1.22,0.4,78.0,16.07,12.63,6218.0
Axis Bank,2014-15,Private,1.34,0.44,78.0,15.09,12.07,7358.0
Axis Bank,2015-16,Private,1.67,0.7,72.0,15.29,12.51,8224.0
Axis Bank,2016-17,Private,5.04,2.11,65.0,14.95,11.87,3679.0
Axis Bank,2017-18,Private,6.77,3.4,65.0,16.57,13.04,276.0
Axis Bank,2018-19,Private,5.26,2.06,77.0,15.84,11.27,4677.0
Axis Bank,2019-20,Private,4.86,1.56,69.0,17.53,14.49,1627.0
Axis Bank,2020-21,Private,3.7,1.05,72.0,19.12,16.47,6588.0
Axis Bank,2021-22,Private,2.82,0.73,75.0,18.54,15.24,13025.0
Axis Bank,2022-23,Private,2.02,0.39,81.0,17.64,14.57,9580.0
Axis Bank,2023-24,Private,1.43,0.31,79.0,16.63,14.2,24861.0
Axis Bank,2024-25,Private,1.28,0.33,75.0,17.07,15.07,26373.0
Federal Bank,2005-06,Private,5.37,0.88,84.1,11.51,9.77,225.0
Federal Bank,2006-07,Private,3.65,0.35,90.6,11.96,10.36,293.0
Federal Bank,2007-08,Private,2.55,0.47,82.2,18.29,16.57,368.0
Federal Bank,2008-09,Private,2.53,0.5,80.8,20.37,18.73,501.0
Federal Bank,2009-10,Private,2.95,0.56,81.6,17.15,16.09,465.0
Federal Bank,2010-11,Private,3.48,0.6,83.2,15.65,14.77,587.0
Federal Bank,2011-12,Private,3.42,0.53,84.8,15.6,14.65,777.0
Federal Bank,2012-13,Private,3.44,0.98,72.3,14.73,13.79,838.0
Federal Bank,2013-14,Private,2.46,0.74,70.4,15.14,14.12,839.0
Federal Bank,2014-15,Private,2.04,0.73,64.9,15.46,14.54,1006.0
Federal Bank,2015-16,Private,2.84,1.64,72.0,13.93,13.06,476.0
Federal Bank,2016-17,Private,2.33,1.28,71.3,12.39,11.66,831.0
Federal Bank,2017-18,Private,3.0,1.69,66.8,14.7,14.07,879.0
Federal Bank,2018-19,Private,2.92,1.48,67.5,14.14,13.31,1244.0
Federal Bank,2019-20,Private,2.84,1.31,68.2,14.35,13.29,1543.0
Federal Bank,2020-21,Private,3.41,1.19,65.1,14.62,13.85,1590.0
Federal Bank,2021-22,Private,2.8,0.96,66.0,15.77,14.43,1890.0
Federal Bank,2022-23,Private,2.36,0.69,70.02,14.81,13.04,3011.0
Federal Bank,2023-24,Private,2.13,0.6,71.08,16.1,14.81,3721.0
Federal Bank,2024-25,Private,1.84,0.44,75.37,16.4,15.07,4052.0
