BANK,Year,Anomaly_Score
AXIS BANK,2005,0.1047851700719577
AXIS BANK,2006,0.12125233704328381
AXIS BANK,2007,0.17235926003989127
AXIS BANK,2008,0.1823303671533621
AXIS BANK,2009,0.1924752700949739
AXIS BANK,2010,0.15702233034819546
AXIS BANK,2011,0.1685412348335335
AXIS BANK,2012,0.17546115915110672
AXIS BANK,2013,0.19259624133939368
AXIS BANK,2014,0.1967862506129105
AXIS BANK,2015,0.19497374848644372
AXIS BANK,2016,0.17626637735928719
AXIS BANK,2017,0.11402804294307489
AXIS BANK,2018,0.16635189101055864
AXIS BANK,2019,0.15082768457809453
AXIS BANK,2020,0.12728329919403736
AXIS BANK,2021,0.1459054829567143
AXIS BANK,2022,0.16481749416273145
AXIS BANK,2023,0.13807261933532672
AXIS BANK,2024,0.13751151436088488
BOB,2005,0.17699836817687292
BOB,2006,0.15330510801434133
BOB,2007,0.17416317312882673
BOB,2008,0.18517437239231221
BOB,2009,0.18953277885952236
BOB,2010,0.19397438629045838
BOB,2011,0.18905298444932045
BOB,2012,0.18287556390285614
BOB,2013,0.17551630352339032
BOB,2014,0.17769098058012595
BOB,2015,0.07103167497884955
BOB,2016,0.10251367108638565
BOB,2017,0.06297545459309617
BOB,2018,0.12857645430971065
BOB,2019,0.12868560538299817
BOB,2020,0.11966840658244515
BOB,2021,0.11510099674282692
BOB,2022,0.13603039085369317
BOB,2023,0.13538133971382266
BOB,2024,0.11099609230237434
CITY UNION BANK,2005,0.14112076859073658
CITY UNION BANK,2006,0.14313837808154867
CITY UNION BANK,2007,0.1972605093385722
CITY UNION BANK,2008,0.17628999500992026
CITY UNION BANK,2009,0.1877944758239405
CITY UNION BANK,2010,0.169086758860238
CITY UNION BANK,2011,0.17839592161001233
CITY UNION BANK,2012,0.13271072929996636
CITY UNION BANK,2013,0.1135676456436861
CITY UNION BANK,2014,0.07745077194252992
CITY UNION BANK,2015,0.1343727238809746
CITY UNION BANK,2016,0.13966329926047233
CITY UNION BANK,2017,0.1332553664115239
CITY UNION BANK,2018,0.12678437804186382
CITY UNION BANK,2019,0.11019581074886425
CITY UNION BANK,2020,0.05568496774414888
CITY UNION BANK,2021,-0.0003495941400810665
CITY UNION BANK,2022,1.83996915832374e-05
CITY UNION BANK,2023,-0.029764282715960655
CITY UNION BANK,2024,-0.05355575301751714
FEDERAL BANK,2005,0.11840577641032834
FEDERAL BANK,2006,0.12862571624645003
FEDERAL BANK,2007,0.13477318683532552
FEDERAL BANK,2008,0.07650401606521773
FEDERAL BANK,2009,0.15874167347225754
FEDERAL BANK,2010,0.17137246714234028
FEDERAL BANK,2011,0.16401620380167603
FEDERAL BANK,2012,0.19122215473448206
FEDERAL BANK,2013,0.1852636013223618
FEDERAL BANK,2014,0.1822331488779998
FEDERAL BANK,2015,0.1878432173270801
FEDERAL BANK,2016,0.18062531949047478
FEDERAL BANK,2017,0.1847193553697551
FEDERAL BANK,2018,0.1961207486429138
FEDERAL BANK,2019,0.20022380133292933
FEDERAL BANK,2020,0.19053715222140583
FEDERAL BANK,2021,0.1876030638829217
FEDERAL BANK,2022,0.19996208150990324
FEDERAL BANK,2023,0.1885096270690927
FEDERAL BANK,2024,0.18537166098406566
HDFC,2005,0.155777149977611
HDFC,2006,0.17072400950082095
HDFC,2007,0.18872241060765993
HDFC,2008,0.1919993611407692
HDFC,2009,0.1775677078649211
HDFC,2010,0.17034502598802315
HDFC,2011,0.1636507953112345
HDFC,2012,0.1560857253648495
HDFC,2013,0.1682637264762905
HDFC,2014,0.15970176990123913
HDFC,2015,0.16842362194723992
HDFC,2016,0.17141360080911566
HDFC,2017,0.16720129032397774
HDFC,2018,0.14204918390965598
HDFC,2019,0.10520999603781456
HDFC,2020,0.08735378166663943
HDFC,2021,0.07372790180934463
HDFC,2022,0.06914303103646591
HDFC,2023,0.041893912849790826
HDFC,2024,-0.03506347387214759
ICICI,2005,0.18303771032366078
ICICI,2006,0.12021004507603311
ICICI,2007,0.17207613034170754
ICICI,2008,0.16880375624152344
ICICI,2009,0.12917245654220333
ICICI,2010,0.13739035453156218
ICICI,2011,0.1566204187937737
ICICI,2012,0.16695005066659913
ICICI,2013,0.15677221774171657
ICICI,2014,0.14761911991334348
ICICI,2015,0.10417256869857627
ICICI,2016,-0.011105580781414548
ICICI,2017,-0.015699940879932428
ICICI,2018,0.1211074131831052
ICICI,2019,0.1464739000425705
ICICI,2020,0.06724833525724783
ICICI,2021,0.07334353529565191
ICICI,2022,0.06507047719837267
ICICI,2023,0.09325262984737998
ICICI,2024,0.08278862144929583
INDIAN BANK,2005,0.1759885026852397
INDIAN BANK,2006,0.18094364273096958
INDIAN BANK,2007,0.17194364523317163
INDIAN BANK,2008,0.17697730509185927
INDIAN BANK,2009,0.16394084680407828
INDIAN BANK,2010,0.13862004870839367
INDIAN BANK,2011,0.12463125181696755
INDIAN BANK,2012,0.11607636752670103
INDIAN BANK,2013,0.13461161740526645
INDIAN BANK,2014,0.14828183486644425
INDIAN BANK,2015,0.11674276103988751
INDIAN BANK,2016,0.11036086443892801
INDIAN BANK,2017,0.1410459679578211
INDIAN BANK,2018,0.1486893352862087
INDIAN BANK,2019,0.10884102005897406
INDIAN BANK,2020,0.10597749818645225
INDIAN BANK,2021,0.10350252811568872
INDIAN BANK,2022,0.12423734282102872
INDIAN BANK,2023,0.13280444637039868
INDIAN BANK,2024,0.07968171612302544
PNB,2005,0.06503836138021024
PNB,2006,0.153990828965253
PNB,2007,0.18140612911389076
PNB,2008,0.1390011673058627
PNB,2009,0.19517565577201407
PNB,2010,0.13905198875748875
PNB,2011,0.16272723945336054
PNB,2012,0.145273420217432
PNB,2013,0.12330329536460904
PNB,2014,0.08794903985159547
PNB,2015,-0.03557748312117526
PNB,2016,0.0062874405358378516
PNB,2017,-0.1807363461563648
PNB,2018,-0.08622468750171941
PNB,2019,0.03184773945596231
PNB,2020,0.035274463704599524
PNB,2021,0.06830053757228016
PNB,2022,0.09988026273275313
PNB,2023,0.11842283018892569
PNB,2024,0.1305601477345315
SBI,2005,0.15127404658579174
SBI,2006,0.14044309524228765
SBI,2007,0.12315452784601222
SBI,2008,0.10006866319482088
SBI,2009,0.13437074171381425
SBI,2010,0.11466605718349399
SBI,2011,0.16040590283925177
SBI,2012,0.13067814318166748
SBI,2013,0.12271603272606868
SBI,2014,0.13390564188437754
SBI,2015,0.11814372915604121
SBI,2016,0.11891648869054999
SBI,2017,0.05374099515638431
SBI,2018,0.1440293399658425
SBI,2019,0.11014540036203685
SBI,2020,0.0822076075333601
SBI,2021,0.08571027548660182
SBI,2022,0.07198298132039016
SBI,2023,0.06521992824687839
SBI,2024,0.01368506679944026
